board	seat_descrip	alternate
ADMINISTRATIVE APPEALS	CAN'T BE EMPLOYEES OR OFFICIALS OF THE CITY	FALSE
ADMINISTRATIVE APPEALS	CAN'T BE EMPLOYEES OR OFFICIALS OF THE CITY	FALSE
ADMINISTRATIVE APPEALS	CAN'T BE EMPLOYEES OR OFFICIALS OF THE CITY	FALSE
ADMINISTRATIVE APPEALS	CAN'T BE EMPLOYEES OR OFFICIALS OF THE CITY	FALSE
ADMINISTRATIVE APPEALS	CAN'T BE EMPLOYEES OR OFFICIALS OF THE CITY	FALSE
ADMINISTRATIVE APPEALS	CAN'T BE EMPLOYEES OR OFFICIALS OF THE CITY	TRUE
ADMINISTRATIVE APPEALS	CAN'T BE EMPLOYEES OR OFFICIALS OF THE CITY	TRUE
AIR CONDITIONING AND AIR DISTRIBUTION BOARD	LICENSED AIR CONDITIONING AND AIR DISTRIBUTION CONTRACTOR -- EITHER AN ACTIVE CONTRACTOR WITH A CURRENT, VALID AND REGISTERED MASTER ACAD CONTRACTOR LICENSE, OR A RETIRED CONTRACTOR WHO HAS HELD A MASTER ACAD CONTRACTOR LICENSE FOR THE LAST 10 YEARS, WHO IS ACTIVELY ENGAGED IN THE BUSINESS OF INSTALLING, ALTERING, REPAIRING, OR SERVICING AIR CONDITIONING/AIR DISTRIBUTION SYSTEMS IN THE AREA OF THE CITY, AND HAS A PERMANENTLY ESTABLISHED AIR CONDITIONING/AIR DISTRIBUTION BUSINESS IN HIS/HER OWN RIGHT OR SHALL BE REGISTERED AS DOING BUSINESS ON BEHALF OF A FIRM OR CORPORATION THAT IS PERMANENTLY ESTABLISHED IN THE BUSINESS, AND HAS AT LEAST FIVE YEARS' EXPERIENCE AS A CERTIFIED AND ACTIVE CONTRACTOR IN THE CITY -- A REPRESENTATIVE OF THE RESIDENTIAL CONTRACTORS WHO IS PRIMARILY ENGAGED IN THE INSTALLATION AND CONSTRUCTION OF ALL TYPES OF FURNACES, AIR CONDITIONING UNITS AND VENTILATING SYSTEMS OVER 500 CFM IN RESIDENTIAL UNITS, AND IS AFFILIATED WITH A UNION SHOP	FALSE
AIR CONDITIONING AND AIR DISTRIBUTION BOARD	LICENSED AIR CONDITIONING AND AIR DISTRIBUTION CONTRACTOR -- EITHER AN ACTIVE CONTRACTOR WITH A CURRENT, VALID AND REGISTERED MASTER ACAD CONTRACTOR LICENSE, OR A RETIRED CONTRACTOR WHO HAS HELD A MASTER ACAD CONTRACTOR LICENSE FOR THE LAST 10 YEARS, WHO IS ACTIVELY ENGAGED IN THE BUSINESS OF INSTALLING, ALTERING, REPAIRING, OR SERVICING AIR CONDITIONING/AIR DISTRIBUTION SYSTEMS IN THE AREA OF THE CITY, AND HAS A PERMANENTLY ESTABLISHED AIR CONDITIONING/AIR DISTRIBUTION BUSINESS IN HIS/HER OWN RIGHT OR SHALL BE REGISTERED AS DOING BUSINESS ON BEHALF OF A FIRM OR CORPORATION THAT IS PERMANENTLY ESTABLISHED IN THE BUSINESS, AND HAS AT LEAST FIVE YEARS' EXPERIENCE AS A CERTIFIED AND ACTIVE CONTRACTOR IN THE CITY -- A REPRESENTATIVE OF THE RESIDENTIAL CONTRACTORS WHO IS PRIMARILY ENGAGED IN THE INSTALLATION AND CONSTRUCTION OF ALL TYPES OF FURNACES, AIR CONDITIONING UNITS AND VENTILATING SYSTEMS OVER 500 CFM IN RESIDENTIAL UNITS, AND IS AFFILIATED WITH AN OPEN SHOP	FALSE
AIR CONDITIONING AND AIR DISTRIBUTION BOARD	LICENSED AIR CONDITIONING AND AIR DISTRIBUTION CONTRACTOR -- EITHER AN ACTIVE CONTRACTOR WITH A CURRENT, VALID AND REGISTERED MASTER ACAD CONTRACTOR LICENSE, OR A RETIRED CONTRACTOR WHO HAS HELD A MASTER ACAD CONTRACTOR LICENSE FOR THE LAST 10 YEARS, WHO IS ACTIVELY ENGAGED IN THE BUSINESS OF INSTALLING, ALTERING, REPAIRING, OR SERVICING AIR CONDITIONING/AIR DISTRIBUTION SYSTEMS IN THE AREA OF THE CITY, AND HAS A PERMANENTLY ESTABLISHED AIR CONDITIONING/AIR DISTRIBUTION BUSINESS IN HIS/HER OWN RIGHT OR SHALL BE REGISTERED AS DOING BUSINESS ON BEHALF OF A FIRM OR CORPORATION THAT IS PERMANENTLY ESTABLISHED IN THE BUSINESS, AND HAS AT LEAST FIVE YEARS' EXPERIENCE AS A CERTIFIED AND ACTIVE CONTRACTOR IN THE CITY -- A REPRESENTATIVE OF THE COMMERCIAL-INDUSTRIAL CONTRACTORS AND PRIMARILY ENGAGED IN THE INSTALLATION AND CONSTRUCTION OF COMMERCIAL AND INDUSTRIAL AIR CONDITIONING AND AIR DISTRIBUTION SYSTEMS, AND IS AFFILIATED WITH AN OPEN SHOP	FALSE
AIR CONDITIONING AND AIR DISTRIBUTION BOARD	LICENSED AIR CONDITIONING AND AIR DISTRIBUTION CONTRACTOR -- EITHER AN ACTIVE CONTRACTOR WITH A CURRENT, VALID AND REGISTERED MASTER ACAD CONTRACTOR LICENSE, OR A RETIRED CONTRACTOR WHO HAS HELD A MASTER ACAD CONTRACTOR LICENSE FOR THE LAST 10 YEARS, WHO IS ACTIVELY ENGAGED IN THE BUSINESS OF INSTALLING, ALTERING, REPAIRING, OR SERVICING AIR CONDITIONING/AIR DISTRIBUTION SYSTEMS IN THE AREA OF THE CITY, AND HAS A PERMANENTLY ESTABLISHED AIR CONDITIONING/AIR DISTRIBUTION BUSINESS IN HIS/HER OWN RIGHT OR SHALL BE REGISTERED AS DOING BUSINESS ON BEHALF OF A FIRM OR CORPORATION THAT IS PERMANENTLY ESTABLISHED IN THE BUSINESS, AND HAS AT LEAST FIVE YEARS' EXPERIENCE AS A CERTIFIED AND ACTIVE CONTRACTOR IN THE CITY -- A REPRESENTATIVE OF THE COMMERCIAL-INDUSTRIAL CONTRACTORS AND PRIMARILY ENGAGED IN THE INSTALLATION AND CONSTRUCTION OF COMMERCIAL AND INDUSTRIAL AIR CONDITIONING AND AIR DISTRIBUTION SYSTEMS, AND IS AFFILIATED WITH AN UNION SHOP	FALSE
AIR CONDITIONING AND AIR DISTRIBUTION BOARD	A PROFESSIONAL MECHANICAL ENGINEER WHO IS REGISTERED BY THE STATE OF NEBRASKA, IS PRACTICING IN THE OMAHA AREA AND HAS AT LEAST 10 YEARS' EXPERIENCE IN THE DESIGN OF AIR CONDITIONING, AIR DISTRIBUTION AND VENTILATING SYSTEMS	FALSE
ALARM REVIEW BOARD	CITIZEN AT LARGE	FALSE
ALARM REVIEW BOARD	CITIZEN AT LARGE	FALSE
ALARM REVIEW BOARD	REPRESENTATIVE OF AN ALARM COMPANY WITH FEWER THAN 750 ALARM USERS	FALSE
ALARM REVIEW BOARD	REPRESENTATIVE OF AN ALARM COMPANY WITH 750 TO 5,000 ALARM USERS	FALSE
ALARM REVIEW BOARD	REPRESENTATIVE FROM AN ALARM COMPANY WITH MORE THAN 5,000 ALARM USERS	FALSE
APPRAISAL COMMITTEE	CITY COUNCILOR	FALSE
APPRAISAL COMMITTEE		FALSE
APPRAISAL COMMITTEE		FALSE
ARCHITECTS/ENGINEERS REVIEW AND SELECTION COMMITTEE	CITY ENGINEER	FALSE
ARCHITECTS/ENGINEERS REVIEW AND SELECTION COMMITTEE	QUALIFIED REPRESENTATIVE OF THE DEPARTMENT SPONSORING THE PROJECT	FALSE
ARCHITECTS/ENGINEERS REVIEW AND SELECTION COMMITTEE	CITY EMPLOYEE WORKING ON THE PROJECT	FALSE
ARCHITECTS/ENGINEERS REVIEW AND SELECTION COMMITTEE	CITY EMPLOYEE WORKING ON THE PROJECT	FALSE
ARCHITECTS/ENGINEERS REVIEW AND SELECTION COMMITTEE	DISINTERESTED OMAHA RESIDENT	FALSE
BENSON BUSINESS IMPROVEMENT DISTRICT (BID NO. 6875)		FALSE
BENSON BUSINESS IMPROVEMENT DISTRICT (BID NO. 6875)		FALSE
BENSON BUSINESS IMPROVEMENT DISTRICT (BID NO. 6875)		FALSE
BENSON BUSINESS IMPROVEMENT DISTRICT (BID NO. 6875)		FALSE
BENSON BUSINESS IMPROVEMENT DISTRICT (BID NO. 6875)		FALSE
BLACKSTONE BUSINESS IMPROVEMENT BOARD	PROPERTY OWNER, RESIDENT, BUSINESS OPERATOR OR USER OF SPACE WITHIN THE BLACKSTONE BUSINESS IMPROVEMENT BOARD AREA	FALSE
BLACKSTONE BUSINESS IMPROVEMENT BOARD	PROPERTY OWNER, RESIDENT, BUSINESS OPERATOR OR USER OF SPACE WITHIN THE BLACKSTONE BUSINESS IMPROVEMENT BOARD AREA	FALSE
BLACKSTONE BUSINESS IMPROVEMENT BOARD	PROPERTY OWNER, RESIDENT, BUSINESS OPERATOR OR USER OF SPACE WITHIN THE BLACKSTONE BUSINESS IMPROVEMENT BOARD AREA	FALSE
BLACKSTONE BUSINESS IMPROVEMENT BOARD	PROPERTY OWNER, RESIDENT, BUSINESS OPERATOR OR USER OF SPACE WITHIN THE BLACKSTONE BUSINESS IMPROVEMENT BOARD AREA	FALSE
BLACKSTONE BUSINESS IMPROVEMENT BOARD	PROPERTY OWNER, RESIDENT, BUSINESS OPERATOR OR USER OF SPACE WITHIN THE BLACKSTONE BUSINESS IMPROVEMENT BOARD AREA	FALSE
BUILDING BOARD OF REVIEW	ARCHITECT	FALSE
BUILDING BOARD OF REVIEW	ELECTRICAL ENGINEER	FALSE
BUILDING BOARD OF REVIEW	MECHANICAL ENGINEER	FALSE
BUILDING BOARD OF REVIEW	SANITARY ENGINEER	FALSE
BUILDING BOARD OF REVIEW	BUILDING CONTRACTOR	FALSE
BUILDING BOARD OF REVIEW	STRUCTURAL ENGINEER	FALSE
BUILDING BOARD OF REVIEW	OMAHA RESIDENT	FALSE
CABLE TELEVISION ACCESS CORPORATION BOARD OF DIRECTORS	RESIDENT FROM COUNCIL DISTRICT 1 (KNOWLEDGEABLE IN THE CABLE TELEVISION INDUSTRY, CANNOT BE EMPLOYED BY OR HAVE AN INTEREST IN THE GRANTEE OF ANY CABLE TELEVISION FRANCHISE)	FALSE
CABLE TELEVISION ACCESS CORPORATION BOARD OF DIRECTORS	RESIDENT FROM COUNCIL DISTRICT 2 (KNOWLEDGEABLE IN THE CABLE TELEVISION INDUSTRY, CANNOT BE EMPLOYED BY OR HAVE AN INTEREST IN THE GRANTEE OF ANY CABLE TELEVISION FRANCHISE)	FALSE
CABLE TELEVISION ACCESS CORPORATION BOARD OF DIRECTORS	RESIDENT FROM COUNCIL DISTRICT 3 (KNOWLEDGEABLE IN THE CABLE TELEVISION INDUSTRY, CANNOT BE EMPLOYED BY OR HAVE AN INTEREST IN THE GRANTEE OF ANY CABLE TELEVISION FRANCHISE)	FALSE
CABLE TELEVISION ACCESS CORPORATION BOARD OF DIRECTORS	RESIDENT FROM COUNCIL DISTRICT 4 (KNOWLEDGEABLE IN THE CABLE TELEVISION INDUSTRY, CANNOT BE EMPLOYED BY OR HAVE AN INTEREST IN THE GRANTEE OF ANY CABLE TELEVISION FRANCHISE)	FALSE
CABLE TELEVISION ACCESS CORPORATION BOARD OF DIRECTORS	RESIDENT FROM COUNCIL DISTRICT 5 (KNOWLEDGEABLE IN THE CABLE TELEVISION INDUSTRY, CANNOT BE EMPLOYED BY OR HAVE AN INTEREST IN THE GRANTEE OF ANY CABLE TELEVISION FRANCHISE)	FALSE
CABLE TELEVISION ACCESS CORPORATION BOARD OF DIRECTORS	RESIDENT FROM COUNCIL DISTRICT 6 (KNOWLEDGEABLE IN THE CABLE TELEVISION INDUSTRY, CANNOT BE EMPLOYED BY OR HAVE AN INTEREST IN THE GRANTEE OF ANY CABLE TELEVISION FRANCHISE)	FALSE
CABLE TELEVISION ACCESS CORPORATION BOARD OF DIRECTORS	RESIDENT FROM COUNCIL DISTRICT 7 (KNOWLEDGEABLE IN THE CABLE TELEVISION INDUSTRY, CANNOT BE EMPLOYED BY OR HAVE AN INTEREST IN THE GRANTEE OF ANY CABLE TELEVISION FRANCHISE)	FALSE
CABLE TELEVISION ACCESS CORPORATION BOARD OF DIRECTORS	CITIZEN AT LARGE (KNOWLEDGEABLE IN THE CABLE TELEVISION INDUSTRY, CANNOT BE EMPLOYED BY OR HAVE AN INTEREST IN THE GRANTEE OF ANY CABLE TELEVISION FRANCHISE)	FALSE
CABLE TELEVISION ACCESS CORPORATION BOARD OF DIRECTORS	CITIZEN AT LARGE (KNOWLEDGEABLE IN THE CABLE TELEVISION INDUSTRY, CANNOT BE EMPLOYED BY OR HAVE AN INTEREST IN THE GRANTEE OF ANY CABLE TELEVISION FRANCHISE)	FALSE
CITY NAMING COMMITTEE	CITY PLANNING DIRECTOR	FALSE
CITY NAMING COMMITTEE	CITY PUBLIC WORKS DIRECTOR	FALSE
CITY NAMING COMMITTEE	CITY POLICE CHIEF	FALSE
CITY NAMING COMMITTEE	CITY FIRE CHIEF	FALSE
CITY NAMING COMMITTEE	CITY PARKS AND RECREATION DIRECTOR	FALSE
CITY NAMING COMMITTEE	CITY LIBRARY DIRECTOR	FALSE
CITY NAMING COMMITTEE	CITIZEN AT LARGE	FALSE
CITY NAMING COMMITTEE	CITIZEN AT LARGE	FALSE
CITY NAMING COMMITTEE	CITIZEN AT LARGE	FALSE
CIVIL RIGHTS HEARING BOARD 	REPRESENTATIVE FROM BUSINESS, LABOR, THE CITY HUMAN RELATIONS BOARD, THE COMMUNITY AT LARGE OR PEOPLE PROTECTED FROM DISCRIMINATION	FALSE
CIVIL RIGHTS HEARING BOARD 	REPRESENTATIVE FROM BUSINESS, LABOR, THE CITY HUMAN RELATIONS BOARD, THE COMMUNITY AT LARGE OR PEOPLE PROTECTED FROM DISCRIMINATION	FALSE
CIVIL RIGHTS HEARING BOARD 	REPRESENTATIVE FROM BUSINESS, LABOR, THE CITY HUMAN RELATIONS BOARD, THE COMMUNITY AT LARGE OR PEOPLE PROTECTED FROM DISCRIMINATION	FALSE
CIVIL RIGHTS HEARING BOARD 	REPRESENTATIVE FROM BUSINESS, LABOR, THE CITY HUMAN RELATIONS BOARD, THE COMMUNITY AT LARGE OR PEOPLE PROTECTED FROM DISCRIMINATION	FALSE
CIVIL RIGHTS HEARING BOARD 	REPRESENTATIVE FROM BUSINESS, LABOR, THE CITY HUMAN RELATIONS BOARD, THE COMMUNITY AT LARGE OR PEOPLE PROTECTED FROM DISCRIMINATION	FALSE
CIVIL RIGHTS HEARING BOARD 	REPRESENTATIVE FROM BUSINESS, LABOR, THE CITY HUMAN RELATIONS BOARD, THE COMMUNITY AT LARGE OR PEOPLE PROTECTED FROM DISCRIMINATION	FALSE
CIVIL RIGHTS HEARING BOARD 	REPRESENTATIVE FROM BUSINESS, LABOR, THE CITY HUMAN RELATIONS BOARD, THE COMMUNITY AT LARGE OR PEOPLE PROTECTED FROM DISCRIMINATION	FALSE
CIVIL RIGHTS HEARING BOARD 	REPRESENTATIVE FROM BUSINESS, LABOR, THE CITY HUMAN RELATIONS BOARD, THE COMMUNITY AT LARGE OR PEOPLE PROTECTED FROM DISCRIMINATION	FALSE
CIVIL RIGHTS HEARING BOARD 	REPRESENTATIVE FROM BUSINESS, LABOR, THE CITY HUMAN RELATIONS BOARD, THE COMMUNITY AT LARGE OR PEOPLE PROTECTED FROM DISCRIMINATION	FALSE
CIVIL RIGHTS HEARING BOARD 	REPRESENTATIVE FROM BUSINESS, LABOR, THE CITY HUMAN RELATIONS BOARD, THE COMMUNITY AT LARGE OR PEOPLE PROTECTED FROM DISCRIMINATION	FALSE
CIVIL RIGHTS HEARING BOARD 	REPRESENTATIVE FROM BUSINESS, LABOR, THE CITY HUMAN RELATIONS BOARD, THE COMMUNITY AT LARGE OR PEOPLE PROTECTED FROM DISCRIMINATION	FALSE
CONVENTION HOTEL CORPORATION	MAYOR’S CHIEF OF STAFF OR DEPUTY CHIEF OF STAFF (EX-OFFICIO)	FALSE
CONVENTION HOTEL CORPORATION	CITY PLANNING DIRECTOR OR ACTING PLANNING DIRECTOR (EX-OFFICIO)	FALSE
CONVENTION HOTEL CORPORATION	CITY FINANCE DIRECTOR OR ACTING FINANCE DIRECTOR (EX-OFFICIO)	FALSE
CONVENTION HOTEL CORPORATION	CITY DIRECTOR APPOINTED BY THE MAYOR	FALSE
CONVENTION HOTEL CORPORATION	CITY DIRECTOR APPOINTED BY THE MAYOR	FALSE
DOT.COMM OVERSIGHT COMMITTEE 	CITY FINANCE DIRECTOR	FALSE
DOT.COMM OVERSIGHT COMMITTEE 	COUNTY FINANCE DIRECTOR	FALSE
DOT.COMM OVERSIGHT COMMITTEE 	CITY EMPLOYEE WITH INFORMATION TECHNOLOGY KNOWLEDGE IN LINE WITH THE INTERESTS AND NEEDS OF TECHNOLOGY STAKEHOLDERS	FALSE
DOT.COMM OVERSIGHT COMMITTEE 	CITY EMPLOYEE WITH INFORMATION TECHNOLOGY KNOWLEDGE IN LINE WITH THE INTERESTS AND NEEDS OF TECHNOLOGY STAKEHOLDERS	FALSE
DOT.COMM OVERSIGHT COMMITTEE 	DOUGLAS COUNTY ELECTED OFFICIAL OR DESIGNEE WITH INFORMATION TECHNOLOGY KNOWLEDGE IN LINE WITH THE INTERESTS AND NEEDS OF TECHNOLOGY STAKEHOLDERS	FALSE
DOT.COMM OVERSIGHT COMMITTEE 	DOUGLAS COUNTY EMPLOYEE FROM THE OFFICE OF A NON-ELECTED COUNTY DEPARTMENT WITH INFORMATION TECHNOLOGY KNOWLEDGE IN LINE WITH THE INTERESTS AND NEEDS OF TECHNOLOGY STAKEHOLDERS	FALSE
DOT.COMM OVERSIGHT COMMITTEE 	DOUGLAS COUNTY RESIDENT WHO IS NOT AN EMPLOYEE OF THE CITY OF COUNTY, NOR EMPLOYED OR AFFILIATED WITH DOT.COMM OR ENTITIES TO WHICH DOT.COMM PROVIDES SERVICES, WHO IS KNOWLEDGEABLE OF AND HAVE SIGNIFICANT EXPERIENCE IN INFORMATION TECHNOLOGY, PREFERABLY IN IT BUDGETING, MANAGED SERVICE CONTRACTS AND/OR SERVICE-LEVEL AGREEMENTS, PROVIDING IT SERVICES TO AN ENTERPRISE COMPRISED OF TWO OR MORE DISTINCT OPERATING UNITS WITH BOTH SHARED AND DISTINCT IT NEEDS, IT STRATEGIC PLANNING, AND/OR LOCAL GOVERNMENT-FOCUSED ERP SYSTEMS	FALSE
DOWNTOWN BUSINESS IMPROVEMENT AREA BOARD		FALSE
DOWNTOWN BUSINESS IMPROVEMENT AREA BOARD		FALSE
DOWNTOWN BUSINESS IMPROVEMENT AREA BOARD		FALSE
DOWNTOWN BUSINESS IMPROVEMENT AREA BOARD		FALSE
DOWNTOWN BUSINESS IMPROVEMENT AREA BOARD		FALSE
DOWNTOWN BUSINESS IMPROVEMENT AREA BOARD		FALSE
DOWNTOWN BUSINESS IMPROVEMENT AREA BOARD		FALSE
DOWNTOWN BUSINESS IMPROVEMENT AREA BOARD		FALSE
DOWNTOWN BUSINESS IMPROVEMENT AREA BOARD		FALSE
DOWNTOWN BUSINESS IMPROVEMENT AREA BOARD		FALSE
DOWNTOWN BUSINESS IMPROVEMENT AREA BOARD		FALSE
DUNDEE BUSINESS IMPROVEMENT AREA BOARD		FALSE
DUNDEE BUSINESS IMPROVEMENT AREA BOARD		FALSE
DUNDEE BUSINESS IMPROVEMENT AREA BOARD		FALSE
DUNDEE BUSINESS IMPROVEMENT AREA BOARD		FALSE
DUNDEE BUSINESS IMPROVEMENT AREA BOARD		FALSE
DUNDEE BUSINESS IMPROVEMENT AREA BOARD		FALSE
DUNDEE BUSINESS IMPROVEMENT AREA BOARD		FALSE
DUNDEE BUSINESS IMPROVEMENT AREA BOARD		FALSE
DUNDEE BUSINESS IMPROVEMENT AREA BOARD		FALSE
DUNDEE BUSINESS IMPROVEMENT AREA BOARD		FALSE
DUNDEE BUSINESS IMPROVEMENT AREA BOARD		FALSE
ELECTRICAL EXAMINING BOARD	ELECTRICAL ENGINEER	FALSE
ELECTRICAL EXAMINING BOARD	MASTER ELECTRICIAN AFFILIATED WITH A UNION SHOP	FALSE
ELECTRICAL EXAMINING BOARD	JOURNEYMAN ELECTRICIAN AFFILIATED WITH A UNION SHOP	FALSE
ELECTRICAL EXAMINING BOARD	MASTER ELECTRICIAN AFFILIATED WITH AN OPEN SHOP	FALSE
ELECTRICAL EXAMINING BOARD	JOURNEYMAN ELECTRICIAN AFFILIATED WITH AN OPEN SHOP	FALSE
ELECTRICAL EXAMINING BOARD	ELECTRIC UTILITY REPRESENTATIVE	FALSE
EMPLOYEES' RETIREMENT SYSTEM BOARD OF TRUSTEES 	CITY COMPTROLLER (EX-OFFICIO)	FALSE
EMPLOYEES' RETIREMENT SYSTEM BOARD OF TRUSTEES 	CITY HUMAN RESOURCES DIRECTOR (EX-OFFICIO)	FALSE
EMPLOYEES' RETIREMENT SYSTEM BOARD OF TRUSTEES 	CITY COUNCILOR	FALSE
EMPLOYEES' RETIREMENT SYSTEM BOARD OF TRUSTEES 	MEMBER OF THE RETIREMENT SYSTEM	FALSE
EMPLOYEES' RETIREMENT SYSTEM BOARD OF TRUSTEES 	MEMBER OF THE RETIREMENT SYSTEM	FALSE
EMPLOYEES' RETIREMENT SYSTEM BOARD OF TRUSTEES 	MEMBER OF THE RETIREMENT SYSTEM	FALSE
EMPLOYEES' RETIREMENT SYSTEM BOARD OF TRUSTEES 	NON-MEMBER OF THE RETIREMENT SYSTEM	FALSE
HEARTLAND WORKFORCE SOLUTIONS	DECISION-MAKER IN THE BUSINESS HE OR SHE REPRESENTS; MUST HAVE HAVE THE ENDORSEMENT OF ONE OTHER BUSINESS IN THE REGION	FALSE
HEARTLAND WORKFORCE SOLUTIONS	DECISION-MAKER IN THE BUSINESS HE OR SHE REPRESENTS; MUST HAVE HAVE THE ENDORSEMENT OF ONE OTHER BUSINESS IN THE REGION	FALSE
HEARTLAND WORKFORCE SOLUTIONS	DECISION-MAKER IN THE BUSINESS HE OR SHE REPRESENTS; MUST HAVE HAVE THE ENDORSEMENT OF ONE OTHER BUSINESS IN THE REGION	FALSE
HEARTLAND WORKFORCE SOLUTIONS	DECISION-MAKER IN THE BUSINESS HE OR SHE REPRESENTS; MUST HAVE HAVE THE ENDORSEMENT OF ONE OTHER BUSINESS IN THE REGION	FALSE
HEARTLAND WORKFORCE SOLUTIONS	DECISION-MAKER IN THE BUSINESS HE OR SHE REPRESENTS; MUST HAVE HAVE THE ENDORSEMENT OF ONE OTHER BUSINESS IN THE REGION	FALSE
HEARTLAND WORKFORCE SOLUTIONS	DECISION-MAKER IN THE BUSINESS HE OR SHE REPRESENTS; MUST HAVE HAVE THE ENDORSEMENT OF ONE OTHER BUSINESS IN THE REGION	FALSE
HEARTLAND WORKFORCE SOLUTIONS	DECISION-MAKER IN THE BUSINESS HE OR SHE REPRESENTS; MUST HAVE HAVE THE ENDORSEMENT OF ONE OTHER BUSINESS IN THE REGION	FALSE
HEARTLAND WORKFORCE SOLUTIONS	DECISION-MAKER IN THE BUSINESS HE OR SHE REPRESENTS; MUST HAVE HAVE THE ENDORSEMENT OF ONE OTHER BUSINESS IN THE REGION	FALSE
HEARTLAND WORKFORCE SOLUTIONS	DECISION-MAKER IN THE BUSINESS HE OR SHE REPRESENTS; MUST HAVE HAVE THE ENDORSEMENT OF ONE OTHER BUSINESS IN THE REGION	FALSE
HEARTLAND WORKFORCE SOLUTIONS	DECISION-MAKER IN THE BUSINESS HE OR SHE REPRESENTS; MUST HAVE HAVE THE ENDORSEMENT OF ONE OTHER BUSINESS IN THE REGION	FALSE
HEARTLAND WORKFORCE SOLUTIONS	DECISION-MAKER IN THE BUSINESS HE OR SHE REPRESENTS; MUST HAVE HAVE THE ENDORSEMENT OF ONE OTHER BUSINESS IN THE REGION	FALSE
HEARTLAND WORKFORCE SOLUTIONS	DECISION-MAKER IN THE BUSINESS HE OR SHE REPRESENTS; MUST HAVE HAVE THE ENDORSEMENT OF ONE OTHER BUSINESS IN THE REGION	FALSE
HEARTLAND WORKFORCE SOLUTIONS	DECISION-MAKER IN THE BUSINESS HE OR SHE REPRESENTS; MUST HAVE HAVE THE ENDORSEMENT OF ONE OTHER BUSINESS IN THE REGION	FALSE
HEARTLAND WORKFORCE SOLUTIONS	DECISION-MAKER IN THE BUSINESS HE OR SHE REPRESENTS; MUST HAVE HAVE THE ENDORSEMENT OF ONE OTHER BUSINESS IN THE REGION	FALSE
HEARTLAND WORKFORCE SOLUTIONS	DECISION-MAKER IN THE BUSINESS HE OR SHE REPRESENTS; MUST HAVE HAVE THE ENDORSEMENT OF ONE OTHER BUSINESS IN THE REGION	FALSE
HEARTLAND WORKFORCE SOLUTIONS	DECISION-MAKER IN THE BUSINESS HE OR SHE REPRESENTS; MUST HAVE HAVE THE ENDORSEMENT OF ONE OTHER BUSINESS IN THE REGION	FALSE
HEARTLAND WORKFORCE SOLUTIONS	DECISION-MAKER IN THE BUSINESS HE OR SHE REPRESENTS; MUST HAVE HAVE THE ENDORSEMENT OF ONE OTHER BUSINESS IN THE REGION	FALSE
HEARTLAND WORKFORCE SOLUTIONS	DECISION-MAKER IN THE BUSINESS HE OR SHE REPRESENTS; MUST HAVE HAVE THE ENDORSEMENT OF ONE OTHER BUSINESS IN THE REGION	FALSE
HEARTLAND WORKFORCE SOLUTIONS	DECISION-MAKER IN THE BUSINESS HE OR SHE REPRESENTS; MUST HAVE HAVE THE ENDORSEMENT OF ONE OTHER BUSINESS IN THE REGION	FALSE
HEARTLAND WORKFORCE SOLUTIONS	DECISION-MAKER IN THE BUSINESS HE OR SHE REPRESENTS; MUST HAVE HAVE THE ENDORSEMENT OF ONE OTHER BUSINESS IN THE REGION	FALSE
HEARTLAND WORKFORCE SOLUTIONS	DECISION-MAKER IN THE BUSINESS HE OR SHE REPRESENTS; MUST HAVE HAVE THE ENDORSEMENT OF ONE OTHER BUSINESS IN THE REGION	FALSE
HEARTLAND WORKFORCE SOLUTIONS	DECISION-MAKER IN THE BUSINESS HE OR SHE REPRESENTS; MUST HAVE HAVE THE ENDORSEMENT OF ONE OTHER BUSINESS IN THE REGION	FALSE
HEARTLAND WORKFORCE SOLUTIONS	DECISION-MAKER IN THE BUSINESS HE OR SHE REPRESENTS; MUST HAVE HAVE THE ENDORSEMENT OF ONE OTHER BUSINESS IN THE REGION	FALSE
HEARTLAND WORKFORCE SOLUTIONS	DECISION-MAKER IN THE BUSINESS HE OR SHE REPRESENTS; MUST HAVE HAVE THE ENDORSEMENT OF ONE OTHER BUSINESS IN THE REGION	FALSE
HEARTLAND WORKFORCE SOLUTIONS	DECISION-MAKER IN THE BUSINESS HE OR SHE REPRESENTS; MUST HAVE HAVE THE ENDORSEMENT OF ONE OTHER BUSINESS IN THE REGION	FALSE
HEARTLAND WORKFORCE SOLUTIONS	DECISION-MAKER IN THE BUSINESS HE OR SHE REPRESENTS; MUST HAVE HAVE THE ENDORSEMENT OF ONE OTHER BUSINESS IN THE REGION	FALSE
HEARTLAND WORKFORCE SOLUTIONS	DECISION-MAKER IN THE BUSINESS HE OR SHE REPRESENTS; MUST HAVE HAVE THE ENDORSEMENT OF ONE OTHER BUSINESS IN THE REGION	FALSE
HEARTLAND WORKFORCE SOLUTIONS	DECISION-MAKER IN THE BUSINESS HE OR SHE REPRESENTS; MUST HAVE HAVE THE ENDORSEMENT OF ONE OTHER BUSINESS IN THE REGION	FALSE
HEARTLAND WORKFORCE SOLUTIONS	DECISION-MAKER IN THE BUSINESS HE OR SHE REPRESENTS; MUST HAVE HAVE THE ENDORSEMENT OF ONE OTHER BUSINESS IN THE REGION	FALSE
HEARTLAND WORKFORCE SOLUTIONS	DECISION-MAKER IN THE BUSINESS HE OR SHE REPRESENTS; MUST HAVE HAVE THE ENDORSEMENT OF ONE OTHER BUSINESS IN THE REGION	FALSE
HOISTING AND PORTABLE ENGINEERING LICENSING	CITY BOILER INSPECTOR	FALSE
HOISTING AND PORTABLE ENGINEERING LICENSING	PERSON WHO HAS EARNED A FIRST-GRADE HOISTING AND PORTABLE ENGINEER’S CERTIFICATE IN THE PAST 5 YEARS	FALSE
HOISTING AND PORTABLE ENGINEERING LICENSING	PERSON WHO HAS EARNED A FIRST-GRADE HOISTING AND PORTABLE ENGINEER’S CERTIFICATE IN THE PAST 5 YEARS	FALSE
HUMAN RESOURCES BOARD		FALSE
HUMAN RESOURCES BOARD		FALSE
HUMAN RESOURCES BOARD		FALSE
HUMAN RESOURCES BOARD		FALSE
HUMAN RESOURCES BOARD		FALSE
HUMAN RESOURCES BOARD		TRUE
HUMAN RESOURCES BOARD		TRUE
HUMAN RESOURCES BOARD		TRUE
HUMAN RIGHTS AND RELATIONS BOARD		FALSE
HUMAN RIGHTS AND RELATIONS BOARD		FALSE
HUMAN RIGHTS AND RELATIONS BOARD		FALSE
HUMAN RIGHTS AND RELATIONS BOARD		FALSE
HUMAN RIGHTS AND RELATIONS BOARD		FALSE
HUMAN RIGHTS AND RELATIONS BOARD		FALSE
HUMAN RIGHTS AND RELATIONS BOARD		FALSE
HUMAN RIGHTS AND RELATIONS BOARD		FALSE
HUMAN RIGHTS AND RELATIONS BOARD		FALSE
INVESTMENT ADVISORY COMMITTEE	CITY FINANCE DIRECTOR (CHAIR)	FALSE
INVESTMENT ADVISORY COMMITTEE	CITY TREASURER	FALSE
INVESTMENT ADVISORY COMMITTEE	CITY ATTORNEY	FALSE
INVESTMENT ADVISORY COMMITTEE	MEMBER OF THE INVESTMENT COMMUNITY	FALSE
INVESTMENT ADVISORY COMMITTEE	MEMBER OF THE INVESTMENT COMMUNITY	FALSE
LANDMARKS HERITAGE PRESERVATION COMMISSION	ARCHITECT	FALSE
LANDMARKS HERITAGE PRESERVATION COMMISSION	CURATOR OR DIRECTOR OF A MUSEUM	FALSE
LANDMARKS HERITAGE PRESERVATION COMMISSION	PROFESSIONAL ARTIST OR HISTORIAN	FALSE
LANDMARKS HERITAGE PRESERVATION COMMISSION	MEMBER OF A HISTORICAL SOCIETY, PRESERVATION SOCIETY, ARCHITECTURAL SOCIETY, LANDSCAPE SOCIETY, INTERIOR DESIGN SOCIETY, PLANNING SOCIETY OR CULTURAL ASSOCIATION	FALSE
LANDMARKS HERITAGE PRESERVATION COMMISSION	MEMBER OF A HISTORICAL SOCIETY, PRESERVATION SOCIETY, ARCHITECTURAL SOCIETY, LANDSCAPE SOCIETY, INTERIOR DESIGN SOCIETY, PLANNING SOCIETY OR CULTURAL ASSOCIATION	FALSE
LANDMARKS HERITAGE PRESERVATION COMMISSION	MEMBER OF A HISTORICAL SOCIETY, PRESERVATION SOCIETY, ARCHITECTURAL SOCIETY, LANDSCAPE SOCIETY, INTERIOR DESIGN SOCIETY, PLANNING SOCIETY OR CULTURAL ASSOCIATION	FALSE
LANDMARKS HERITAGE PRESERVATION COMMISSION	LAYPERSON	FALSE
LANDMARKS HERITAGE PRESERVATION COMMISSION	LAYPERSON	FALSE
LANDMARKS HERITAGE PRESERVATION COMMISSION	OWNER/OPERATOR OF A BUSINESS OR PROPERTY WITHIN A LANDMARK HERITAGE PRESERVATION DISTRICT (THE BUSINESS OR PROPERTY MAY BE OWNED OR OPERATED BY A CORPORATION OF WHICH THE MEMBER IS A PARTNER)	FALSE
LIBRARY BOARD		FALSE
LIBRARY BOARD		FALSE
LIBRARY BOARD		FALSE
LIBRARY BOARD		FALSE
LIBRARY BOARD		FALSE
LIBRARY BOARD		FALSE
LIBRARY BOARD		FALSE
LIBRARY BOARD		FALSE
LIBRARY BOARD		FALSE
MAYOR’S ADVISORY COMMISSION FOR CITIZENS WITH DISABILITIES	REPRESENTATIVE OF COMMUNITY WITH PHYSICAL, VISUAL, HEARING OR OTHER DISABILITIES	FALSE
MAYOR’S ADVISORY COMMISSION FOR CITIZENS WITH DISABILITIES	REPRESENTATIVE OF COMMUNITY WITH PHYSICAL, VISUAL, HEARING OR OTHER DISABILITIES	FALSE
MAYOR’S ADVISORY COMMISSION FOR CITIZENS WITH DISABILITIES	REPRESENTATIVE OF COMMUNITY WITH PHYSICAL, VISUAL, HEARING OR OTHER DISABILITIES	FALSE
MAYOR’S ADVISORY COMMISSION FOR CITIZENS WITH DISABILITIES	REPRESENTATIVE OF COMMUNITY WITH PHYSICAL, VISUAL, HEARING OR OTHER DISABILITIES	FALSE
MAYOR’S ADVISORY COMMISSION FOR CITIZENS WITH DISABILITIES	REPRESENTATIVE OF COMMUNITY WITH PHYSICAL, VISUAL, HEARING OR OTHER DISABILITIES	FALSE
MAYOR’S ADVISORY COMMISSION FOR CITIZENS WITH DISABILITIES	REPRESENTATIVE OF COMMUNITY WITH PHYSICAL, VISUAL, HEARING OR OTHER DISABILITIES	FALSE
MAYOR’S ADVISORY COMMISSION FOR CITIZENS WITH DISABILITIES	REPRESENTATIVE OF COMMUNITY WITH PHYSICAL, VISUAL, HEARING OR OTHER DISABILITIES	FALSE
MAYOR’S ADVISORY COMMISSION FOR CITIZENS WITH DISABILITIES	REPRESENTATIVE OF COMMUNITY WITH PHYSICAL, VISUAL, HEARING OR OTHER DISABILITIES	FALSE
MAYOR’S ADVISORY COMMISSION FOR CITIZENS WITH DISABILITIES	REPRESENTATIVE OF COMMUNITY WITH PHYSICAL, VISUAL, HEARING OR OTHER DISABILITIES	FALSE
MAYOR’S ADVISORY COMMISSION FOR CITIZENS WITH DISABILITIES	REPRESENTATIVE OF COMMUNITY WITH PHYSICAL, VISUAL, HEARING OR OTHER DISABILITIES	FALSE
MAYOR’S ADVISORY COMMISSION FOR CITIZENS WITH DISABILITIES	REPRESENTATIVE OF COMMUNITY WITH PHYSICAL, VISUAL, HEARING OR OTHER DISABILITIES	FALSE
MAYOR’S ADVISORY COMMISSION FOR CITIZENS WITH DISABILITIES	REPRESENTATIVE OF COMMUNITY WITH PHYSICAL, VISUAL, HEARING OR OTHER DISABILITIES	FALSE
MAYOR’S ADVISORY COMMISSION FOR CITIZENS WITH DISABILITIES	REPRESENTATIVE OF COMMUNITY WITH PHYSICAL, VISUAL, HEARING OR OTHER DISABILITIES	FALSE
MAYOR’S ADVISORY COMMISSION FOR CITIZENS WITH DISABILITIES	REPRESENTATIVE OF COMMUNITY WITH PHYSICAL, VISUAL, HEARING OR OTHER DISABILITIES	FALSE
MAYOR’S CLERGY ADVISORY BOARD	MEMBER OF THE OMAHA CLERICAL OR SECULAR COMMUNITY	FALSE
MAYOR’S FAIR HOUSING ADVISORY GROUP	OMAHA CITIZEN REPRESENTING A LOW- TO MODERATE-INCOME NEIGHBORHOOD, AS DEFINED BY THE CITY'S PLANNING DEPARTMENT HOUSING AND COMMUNITY DEVELOPMENT DIVISION	FALSE
MAYOR’S FAIR HOUSING ADVISORY GROUP	OMAHA CITIZEN REPRESENTING A LOW- TO MODERATE-INCOME NEIGHBORHOOD, AS DEFINED BY THE CITY'S PLANNING DEPARTMENT HOUSING AND COMMUNITY DEVELOPMENT DIVISION	FALSE
MAYOR’S FAIR HOUSING ADVISORY GROUP	REPRESENTATIVE OF THE BUILDING INDUSTRY	FALSE
MAYOR’S FAIR HOUSING ADVISORY GROUP	REPRESENTATIVE OF THE FINANCIAL INDUSTRY	FALSE
MAYOR’S FAIR HOUSING ADVISORY GROUP	REPRESENTATIVE OF THE REALTY INDUSTRY	FALSE
MAYOR’S FAIR HOUSING ADVISORY GROUP	CITIZEN OF A PROTECTED CLASS BY VIRTUE OF THEIR RACE, COLOR, RELIGION, NATIONAL ORIGIN, SEX, AGE, FAMILIAL STATUS OR HANDICAP	FALSE
MAYOR’S FAIR HOUSING ADVISORY GROUP	CITIZEN OF A PROTECTED CLASS BY VIRTUE OF THEIR RACE, COLOR, RELIGION, NATIONAL ORIGIN, SEX, AGE, FAMILIAL STATUS OR HANDICAP	FALSE
MAYOR’S FAIR HOUSING ADVISORY GROUP	CITIZEN OF A PROTECTED CLASS BY VIRTUE OF THEIR RACE, COLOR, RELIGION, NATIONAL ORIGIN, SEX, AGE, FAMILIAL STATUS OR HANDICAP	FALSE
MAYOR’S FAIR HOUSING ADVISORY GROUP	CITIZEN OF A PROTECTED CLASS BY VIRTUE OF THEIR RACE, COLOR, RELIGION, NATIONAL ORIGIN, SEX, AGE, FAMILIAL STATUS OR HANDICAP	FALSE
MAYOR’S FAIR HOUSING ADVISORY GROUP	CITIZEN AT LARGE	FALSE
MAYOR’S FAIR HOUSING ADVISORY GROUP	REPRESENTATIVE OF THE CITY ADMINISTRATION	FALSE
MAYOR’S YOUTH COMMISSION	STUDENT AT OMAHA-AREA HIGH SCHOOLS (MEMBERSHIPS NOT RESTRICTED TO SCHOOLS INSIDE CITY LIMITS)	FALSE
MAYOR’S YOUTH COMMISSION	STUDENT AT OMAHA-AREA HIGH SCHOOLS (MEMBERSHIPS NOT RESTRICTED TO SCHOOLS INSIDE CITY LIMITS)	FALSE
MAYOR’S YOUTH COMMISSION	STUDENT AT OMAHA-AREA HIGH SCHOOLS (MEMBERSHIPS NOT RESTRICTED TO SCHOOLS INSIDE CITY LIMITS)	FALSE
MAYOR’S YOUTH COMMISSION	STUDENT AT OMAHA-AREA HIGH SCHOOLS (MEMBERSHIPS NOT RESTRICTED TO SCHOOLS INSIDE CITY LIMITS)	FALSE
MAYOR’S YOUTH COMMISSION	STUDENT AT OMAHA-AREA HIGH SCHOOLS (MEMBERSHIPS NOT RESTRICTED TO SCHOOLS INSIDE CITY LIMITS)	FALSE
MAYOR’S YOUTH COMMISSION	STUDENT AT OMAHA-AREA HIGH SCHOOLS (MEMBERSHIPS NOT RESTRICTED TO SCHOOLS INSIDE CITY LIMITS)	FALSE
MAYOR’S YOUTH COMMISSION	STUDENT AT OMAHA-AREA HIGH SCHOOLS (MEMBERSHIPS NOT RESTRICTED TO SCHOOLS INSIDE CITY LIMITS)	FALSE
MAYOR’S YOUTH COMMISSION	STUDENT AT OMAHA-AREA HIGH SCHOOLS (MEMBERSHIPS NOT RESTRICTED TO SCHOOLS INSIDE CITY LIMITS)	FALSE
MAYOR’S YOUTH COMMISSION	STUDENT AT OMAHA-AREA HIGH SCHOOLS (MEMBERSHIPS NOT RESTRICTED TO SCHOOLS INSIDE CITY LIMITS)	FALSE
MAYOR’S YOUTH COMMISSION	STUDENT AT OMAHA-AREA HIGH SCHOOLS (MEMBERSHIPS NOT RESTRICTED TO SCHOOLS INSIDE CITY LIMITS)	FALSE
MAYOR’S YOUTH COMMISSION	STUDENT AT OMAHA-AREA HIGH SCHOOLS (MEMBERSHIPS NOT RESTRICTED TO SCHOOLS INSIDE CITY LIMITS)	FALSE
MAYOR’S YOUTH COMMISSION	STUDENT AT OMAHA-AREA HIGH SCHOOLS (MEMBERSHIPS NOT RESTRICTED TO SCHOOLS INSIDE CITY LIMITS)	FALSE
MAYOR’S YOUTH COMMISSION	STUDENT AT OMAHA-AREA HIGH SCHOOLS (MEMBERSHIPS NOT RESTRICTED TO SCHOOLS INSIDE CITY LIMITS)	FALSE
MAYOR’S YOUTH COMMISSION	STUDENT AT OMAHA-AREA HIGH SCHOOLS (MEMBERSHIPS NOT RESTRICTED TO SCHOOLS INSIDE CITY LIMITS)	FALSE
MAYOR’S YOUTH COMMISSION	STUDENT AT OMAHA-AREA HIGH SCHOOLS (MEMBERSHIPS NOT RESTRICTED TO SCHOOLS INSIDE CITY LIMITS)	FALSE
MAYOR’S YOUTH COMMISSION	STUDENT AT OMAHA-AREA HIGH SCHOOLS (MEMBERSHIPS NOT RESTRICTED TO SCHOOLS INSIDE CITY LIMITS)	FALSE
MAYOR’S YOUTH COMMISSION	STUDENT AT OMAHA-AREA HIGH SCHOOLS (MEMBERSHIPS NOT RESTRICTED TO SCHOOLS INSIDE CITY LIMITS)	FALSE
MAYOR’S YOUTH COMMISSION	STUDENT AT OMAHA-AREA HIGH SCHOOLS (MEMBERSHIPS NOT RESTRICTED TO SCHOOLS INSIDE CITY LIMITS)	FALSE
MAYOR’S YOUTH COMMISSION	STUDENT AT OMAHA-AREA HIGH SCHOOLS (MEMBERSHIPS NOT RESTRICTED TO SCHOOLS INSIDE CITY LIMITS)	FALSE
MAYOR’S YOUTH COMMISSION	STUDENT AT OMAHA-AREA HIGH SCHOOLS (MEMBERSHIPS NOT RESTRICTED TO SCHOOLS INSIDE CITY LIMITS)	FALSE
MAYOR’S YOUTH COMMISSION	STUDENT AT OMAHA-AREA HIGH SCHOOLS (MEMBERSHIPS NOT RESTRICTED TO SCHOOLS INSIDE CITY LIMITS)	FALSE
MAYOR’S YOUTH COMMISSION	STUDENT AT OMAHA-AREA HIGH SCHOOLS (MEMBERSHIPS NOT RESTRICTED TO SCHOOLS INSIDE CITY LIMITS)	FALSE
MAYOR’S YOUTH COMMISSION	STUDENT AT OMAHA-AREA HIGH SCHOOLS (MEMBERSHIPS NOT RESTRICTED TO SCHOOLS INSIDE CITY LIMITS)	FALSE
MAYOR’S YOUTH COMMISSION	STUDENT AT OMAHA-AREA HIGH SCHOOLS (MEMBERSHIPS NOT RESTRICTED TO SCHOOLS INSIDE CITY LIMITS)	FALSE
MAYOR’S YOUTH COMMISSION	STUDENT AT OMAHA-AREA HIGH SCHOOLS (MEMBERSHIPS NOT RESTRICTED TO SCHOOLS INSIDE CITY LIMITS)	FALSE
MAYOR’S YOUTH COMMISSION	STUDENT AT OMAHA-AREA HIGH SCHOOLS (MEMBERSHIPS NOT RESTRICTED TO SCHOOLS INSIDE CITY LIMITS)	FALSE
MAYOR’S YOUTH COMMISSION	STUDENT AT OMAHA-AREA HIGH SCHOOLS (MEMBERSHIPS NOT RESTRICTED TO SCHOOLS INSIDE CITY LIMITS)	FALSE
MAYOR’S YOUTH COMMISSION	STUDENT AT OMAHA-AREA HIGH SCHOOLS (MEMBERSHIPS NOT RESTRICTED TO SCHOOLS INSIDE CITY LIMITS)	FALSE
MAYOR’S YOUTH COMMISSION	STUDENT AT OMAHA-AREA HIGH SCHOOLS (MEMBERSHIPS NOT RESTRICTED TO SCHOOLS INSIDE CITY LIMITS)	FALSE
MAYOR’S YOUTH COMMISSION	STUDENT AT OMAHA-AREA HIGH SCHOOLS (MEMBERSHIPS NOT RESTRICTED TO SCHOOLS INSIDE CITY LIMITS)	FALSE
MAYOR’S YOUTH COMMISSION	STUDENT AT OMAHA-AREA HIGH SCHOOLS (MEMBERSHIPS NOT RESTRICTED TO SCHOOLS INSIDE CITY LIMITS)	FALSE
MAYOR’S YOUTH COMMISSION	STUDENT AT OMAHA-AREA HIGH SCHOOLS (MEMBERSHIPS NOT RESTRICTED TO SCHOOLS INSIDE CITY LIMITS)	FALSE
MAYOR’S YOUTH COMMISSION	STUDENT AT OMAHA-AREA HIGH SCHOOLS (MEMBERSHIPS NOT RESTRICTED TO SCHOOLS INSIDE CITY LIMITS)	FALSE
MAYOR’S YOUTH COMMISSION	STUDENT AT OMAHA-AREA HIGH SCHOOLS (MEMBERSHIPS NOT RESTRICTED TO SCHOOLS INSIDE CITY LIMITS)	FALSE
MAYOR’S YOUTH COMMISSION	STUDENT AT OMAHA-AREA HIGH SCHOOLS (MEMBERSHIPS NOT RESTRICTED TO SCHOOLS INSIDE CITY LIMITS)	FALSE
MAYOR’S YOUTH COMMISSION	STUDENT AT OMAHA-AREA HIGH SCHOOLS (MEMBERSHIPS NOT RESTRICTED TO SCHOOLS INSIDE CITY LIMITS)	FALSE
MAYOR’S YOUTH COMMISSION	STUDENT AT OMAHA-AREA HIGH SCHOOLS (MEMBERSHIPS NOT RESTRICTED TO SCHOOLS INSIDE CITY LIMITS)	FALSE
MAYOR’S YOUTH COMMISSION	STUDENT AT OMAHA-AREA HIGH SCHOOLS (MEMBERSHIPS NOT RESTRICTED TO SCHOOLS INSIDE CITY LIMITS)	FALSE
MAYOR’S YOUTH COMMISSION	STUDENT AT OMAHA-AREA HIGH SCHOOLS (MEMBERSHIPS NOT RESTRICTED TO SCHOOLS INSIDE CITY LIMITS)	FALSE
MAYOR’S YOUTH COMMISSION	STUDENT AT OMAHA-AREA HIGH SCHOOLS (MEMBERSHIPS NOT RESTRICTED TO SCHOOLS INSIDE CITY LIMITS)	FALSE
MAYOR’S YOUTH COMMISSION	STUDENT AT OMAHA-AREA HIGH SCHOOLS (MEMBERSHIPS NOT RESTRICTED TO SCHOOLS INSIDE CITY LIMITS)	FALSE
MAYOR’S YOUTH COMMISSION	STUDENT AT OMAHA-AREA HIGH SCHOOLS (MEMBERSHIPS NOT RESTRICTED TO SCHOOLS INSIDE CITY LIMITS)	FALSE
MAYOR’S YOUTH COMMISSION	STUDENT AT OMAHA-AREA HIGH SCHOOLS (MEMBERSHIPS NOT RESTRICTED TO SCHOOLS INSIDE CITY LIMITS)	FALSE
MAYOR’S YOUTH COMMISSION	STUDENT AT OMAHA-AREA HIGH SCHOOLS (MEMBERSHIPS NOT RESTRICTED TO SCHOOLS INSIDE CITY LIMITS)	FALSE
MAYOR’S YOUTH COMMISSION	STUDENT AT OMAHA-AREA HIGH SCHOOLS (MEMBERSHIPS NOT RESTRICTED TO SCHOOLS INSIDE CITY LIMITS)	FALSE
MAYOR’S YOUTH COMMISSION	STUDENT AT OMAHA-AREA HIGH SCHOOLS (MEMBERSHIPS NOT RESTRICTED TO SCHOOLS INSIDE CITY LIMITS)	FALSE
MAYOR’S YOUTH COMMISSION	STUDENT AT OMAHA-AREA HIGH SCHOOLS (MEMBERSHIPS NOT RESTRICTED TO SCHOOLS INSIDE CITY LIMITS)	FALSE
MAYOR’S YOUTH COMMISSION	STUDENT AT OMAHA-AREA HIGH SCHOOLS (MEMBERSHIPS NOT RESTRICTED TO SCHOOLS INSIDE CITY LIMITS)	FALSE
MAYOR’S YOUTH COMMISSION	STUDENT AT OMAHA-AREA HIGH SCHOOLS (MEMBERSHIPS NOT RESTRICTED TO SCHOOLS INSIDE CITY LIMITS)	FALSE
MAYOR’S YOUTH COMMISSION	STUDENT AT OMAHA-AREA HIGH SCHOOLS (MEMBERSHIPS NOT RESTRICTED TO SCHOOLS INSIDE CITY LIMITS)	FALSE
METROPOLITAN ENTERTAINMENT AND CONVENTION AUTHORITY	CITIZEN WHO IS NOT AN ELECTED OFFICIAL OR EMPLOYED BY THE CITY OR DOUGLAS COUNTY	FALSE
METROPOLITAN ENTERTAINMENT AND CONVENTION AUTHORITY	CITIZEN WHO IS NOT AN ELECTED OFFICIAL OR EMPLOYED BY THE CITY OR DOUGLAS COUNTY	FALSE
METROPOLITAN ENTERTAINMENT AND CONVENTION AUTHORITY	CITIZEN WHO IS NOT AN ELECTED OFFICIAL OR EMPLOYED BY THE CITY OR DOUGLAS COUNTY	FALSE
METROPOLITAN ENTERTAINMENT AND CONVENTION AUTHORITY	CITIZEN WHO IS NOT AN ELECTED OFFICIAL OR EMPLOYED BY THE CITY OR DOUGLAS COUNTY	FALSE
METROPOLITAN ENTERTAINMENT AND CONVENTION AUTHORITY	CITIZEN WHO IS NOT AN ELECTED OFFICIAL OR EMPLOYED BY THE CITY OR DOUGLAS COUNTY	FALSE
OIL BURNER BOARD 	CITY’S CHIEF INSPECTOR	FALSE
OIL BURNER BOARD 	CITY’S CHIEF INSPECTOR OF THE FIRE PREVENTION BUREAU	FALSE
OIL BURNER BOARD 	PERSON WHO HOLDS A FIRST-, SECOND- OR THIRD-GRADE STATIONARY ENGINEER OR OIL BURNER INSTALLER’S CERTIFICATE	FALSE
OMAHA AIRPORT AUTHORITY		FALSE
OMAHA AIRPORT AUTHORITY		FALSE
OMAHA AIRPORT AUTHORITY		FALSE
OMAHA AIRPORT AUTHORITY		FALSE
OMAHA AIRPORT AUTHORITY		FALSE
OMAHA AIRPORT AUTHORITY		TRUE
OMAHA AIRPORT AUTHORITY		TRUE
OMAHA AIRPORT AUTHORITY		TRUE
OMAHA AIRPORT AUTHORITY		TRUE
OMAHA AIRPORT AUTHORITY		TRUE
OMAHA CONVENTION AND VISITORS BUREAU ADVISORY BOARD 		
OMAHA CONVENTION AND VISITORS BUREAU ADVISORY BOARD 		
OMAHA CONVENTION AND VISITORS BUREAU ADVISORY BOARD 		
OMAHA CONVENTION AND VISITORS BUREAU ADVISORY BOARD 		
OMAHA CONVENTION AND VISITORS BUREAU ADVISORY BOARD 		
OMAHA CONVENTION AND VISITORS BUREAU ADVISORY BOARD 		
OMAHA CONVENTION AND VISITORS BUREAU ADVISORY BOARD 		
OMAHA DOUGLAS PUBLIC BUILDING COMMISSION  		
OMAHA DOUGLAS PUBLIC BUILDING COMMISSION  		
OMAHA DOUGLAS PUBLIC BUILDING COMMISSION  		
OMAHA DOUGLAS PUBLIC BUILDING COMMISSION  		
OMAHA DOUGLAS PUBLIC BUILDING COMMISSION  		
OMAHA HOUSING AUTHORITY	OMAHA RESIDENT	
OMAHA HOUSING AUTHORITY	MINORITY MEMBER	
OMAHA HOUSING AUTHORITY		
OMAHA HOUSING AUTHORITY		
OMAHA HOUSING AUTHORITY		
OMAHA PERFORMING ARTS SOCIETY BOARD	CAN'T BE AN ELECTED OR APPOINTED CITY OFFICIAL	
OMAHA PERFORMING ARTS SOCIETY BOARD	CAN'T BE AN ELECTED OR APPOINTED CITY OFFICIAL	
OMAHA PERFORMING ARTS SOCIETY BOARD	CAN'T BE AN ELECTED OR APPOINTED CITY OFFICIAL	
OMAHA PERFORMING ARTS SOCIETY BOARD	CAN'T BE AN ELECTED OR APPOINTED CITY OFFICIAL	
OMAHA PERFORMING ARTS SOCIETY BOARD	CAN'T BE AN ELECTED OR APPOINTED CITY OFFICIAL	
OMAHA PERFORMING ARTS SOCIETY BOARD	CAN'T BE AN ELECTED OR APPOINTED CITY OFFICIAL	
OMAHA PERFORMING ARTS SOCIETY BOARD	CAN'T BE AN ELECTED OR APPOINTED CITY OFFICIAL	
OMAHA PERFORMING ARTS SOCIETY BOARD	CAN'T BE AN ELECTED OR APPOINTED CITY OFFICIAL	
OMAHA PERFORMING ARTS SOCIETY BOARD	CAN'T BE AN ELECTED OR APPOINTED CITY OFFICIAL	
OMAHA PERFORMING ARTS SOCIETY BOARD	CAN'T BE AN ELECTED OR APPOINTED CITY OFFICIAL	
PARKS AND RECREATION BOARD                                                            	VOTER SYMPATHETIC TO THE DEVELOPMENT OF A PARK SYSTEM AND RECREATION PROGRAM	
PARKS AND RECREATION BOARD                                                            	VOTER SYMPATHETIC TO THE DEVELOPMENT OF A PARK SYSTEM AND RECREATION PROGRAM	
PARKS AND RECREATION BOARD                                                            	VOTER SYMPATHETIC TO THE DEVELOPMENT OF A PARK SYSTEM AND RECREATION PROGRAM	
PARKS AND RECREATION BOARD                                                            	VOTER SYMPATHETIC TO THE DEVELOPMENT OF A PARK SYSTEM AND RECREATION PROGRAM	
PARKS AND RECREATION BOARD                                                            	VOTER SYMPATHETIC TO THE DEVELOPMENT OF A PARK SYSTEM AND RECREATION PROGRAM	
PARKS AND RECREATION BOARD                                                            	VOTER SYMPATHETIC TO THE DEVELOPMENT OF A PARK SYSTEM AND RECREATION PROGRAM	
PARKS AND RECREATION BOARD                                                            	VOTER SYMPATHETIC TO THE DEVELOPMENT OF A PARK SYSTEM AND RECREATION PROGRAM	
PUBLIC FACILITIES CORPORATION 		
PUBLIC FACILITIES CORPORATION 		
PUBLIC FACILITIES CORPORATION 		
PLANNING BOARD		
PLANNING BOARD		
PLANNING BOARD		
PLANNING BOARD		
PLANNING BOARD		
PLANNING BOARD		
PLANNING BOARD		
PLUMBING BOARD	DIRECTOR OF THE COUNTY HEALTH DEPARTMENT OR A REPRESENTATIVE (NON-VOTING SEAT)	
PLUMBING BOARD	MASTER PLUMBER AFFILIATED WITH A UNION SHOP (AT LEAST FIVE YEARS OF ACTIVE AND CONTINUOUS EXPERIENCE AND BE ACTIVELY ENGAGED AS A MASTER OR JOURNEYMAN PLUMBER AS THEIR PRIMARY SOURCE OF INCOME)	
PLUMBING BOARD	JOURNEYMAN PLUMBER AFFILIATED WITH A UNION SHOP (AT LEAST FIVE YEARS OF ACTIVE AND CONTINUOUS EXPERIENCE AND BE ACTIVELY ENGAGED AS A MASTER OR JOURNEYMAN PLUMBER AS THEIR PRIMARY SOURCE OF INCOME)	
PLUMBING BOARD	MASTER PLUMBER AFFILIATED WITH AN OPEN SHOP (AT LEAST FIVE YEARS OF ACTIVE AND CONTINUOUS EXPERIENCE AND BE ACTIVELY ENGAGED AS A MASTER OR JOURNEYMAN PLUMBER AS THEIR PRIMARY SOURCE OF INCOME)	
PLUMBING BOARD	JOURNEYMAN PLUMBER AFFILIATED WITH AN OPEN SHOP (AT LEAST FIVE YEARS OF ACTIVE AND CONTINUOUS EXPERIENCE AND BE ACTIVELY ENGAGED AS A MASTER OR JOURNEYMAN PLUMBER AS THEIR PRIMARY SOURCE OF INCOME)	
PLUMBING BOARD	STATE-LICENSED ARCHITECT ENGAGED IN BUSINESS IN THE CITY	
PLUMBING BOARD	STATE-LICENSED MECHANICAL ENGINEER ENGAGED IN BUSINESS IN THE CITY	
PLUMBING BOARD	MEMBER OF THE GENERAL PUBLIC WHO HAS NO RELATION TO THE PLUMBING BUSINESS	
TRANSIT AUTHORITY BOARD		
TRANSIT AUTHORITY BOARD		
TRANSIT AUTHORITY BOARD		
TRANSIT AUTHORITY BOARD		
TRANSIT AUTHORITY BOARD		
PUBLIC ART COMMISSION	MUSEUM CURATOR	
PUBLIC ART COMMISSION	REPRESENTATIVE OF A LOCAL NONPROFIT VISUAL ARTS CORPORATION OR ASSOCIATION	
PUBLIC ART COMMISSION	VISUAL ART TEACHER	
PUBLIC ART COMMISSION	COMMERCIAL VISUAL ARTIST OR DESIGNER	
PUBLIC ART COMMISSION	ESTABLISHED VISUAL ARTIST	
PUBLIC ART COMMISSION	ESTABLISHED VISUAL ARTIST	
PUBLIC ART COMMISSION	CITIZEN AT LARGE	
PUBLIC ART COMMISSION	CITIZEN AT LARGE	
PUBLIC ART COMMISSION	ARCHITECT OR LANDSCAPE ARCHITECT	
SIGN EXAMINING BOARD	CITY'S CHIEF ELECTRICAL INSPECTOR	
SIGN EXAMINING BOARD	CITY'S CHIEF BUILDING INSPECTOR	
SIGN EXAMINING BOARD	MASTER SIGN ERECTOR WHO HAS BEEN LICENSED AND ACTIVE IN THE CITY JURISDICTION FOR AT LEAST TWO YEARS	
SIGN EXAMINING BOARD	JOURNEYMAN SIGN ERECTOR WHO HAS BEEN LICENSED FOR AT LEAST TWO YEARS	
SIGN EXAMINING BOARD	CITIZEN AT LARGE	
STATIONARY ENGINEER EXAMINERS BOARD	CITY’S BOILER INSPECTOR	
STATIONARY ENGINEER EXAMINERS BOARD	PERSON WITH 10 YEARS OF PRACTICAL EXPERIENCE IN THE OPERATION OR MAINTENANCE OF STEAM BOILERS, WITH A FIRST-GRADE STATIONARY ENGINEER’S CERTIFICATE, QUALIFIED TO MAKE BOILER INSPECTIONS	
STATIONARY ENGINEER EXAMINERS BOARD	PERSON WITH 10 YEARS OF PRACTICAL EXPERIENCE IN THE OPERATION OR MAINTENANCE OF STEAM BOILERS, WITH A FIRST-GRADE STATIONARY ENGINEER’S CERTIFICATE, QUALIFIED TO MAKE BOILER INSPECTIONS	
URBAN DESIGN REVIEW BOARD	LICENSED ARCHITECT	
URBAN DESIGN REVIEW BOARD	LICENSED LANDSCAPE ARCHITECT	
URBAN DESIGN REVIEW BOARD	LICENSED ENGINEER	
URBAN DESIGN REVIEW BOARD	PROFESSIONAL PLANNER	
URBAN DESIGN REVIEW BOARD	CITIZEN AT LARGE	
URBAN DESIGN REVIEW BOARD	REAL ESTATE REPRESENTATIVE	
URBAN DESIGN REVIEW BOARD	ARCHITECT	TRUE
URBAN DESIGN REVIEW BOARD	REAL ESTATE REPRESENTATIVE	
URBAN DESIGN REVIEW BOARD	LANDSCAPE ARCHITECT, ENGINEER, OR PLANNER	
URBAN DESIGN REVIEW BOARD	REAL ESTATE REPRESENTATIVE	TRUE
URBAN DESIGN REVIEW BOARD	CITIZEN AT LARGE	TRUE
STEAMFITTERS EXAMINERS BOARD	PERSON WITH A VALID MASTER STEAMFITTER’S LICENSE (LICENSED WITH AT LEAST 10 YEARS OF ACTIVE AND CONTINUOUS EXPERIENCE)	
STEAMFITTERS EXAMINERS BOARD	PERSON WITH A VALID JOURNEYMAN STEAMFITTER’S LICENSE (LICENSED WITH AT LEAST 10 YEARS OF ACTIVE AND CONTINUOUS EXPERIENCE)	
STEAMFITTERS EXAMINERS BOARD	REGISTERED PROFESSIONAL MECHANICAL ENGINEER	
ZONING BOARD OF APPEALS		
ZONING BOARD OF APPEALS		
ZONING BOARD OF APPEALS		
ZONING BOARD OF APPEALS		
ZONING BOARD OF APPEALS		
ZONING BOARD OF APPEALS		TRUE
ZONING BOARD OF APPEALS		TRUE